﻿Designator,Footprint,Quantity,Value,LCSC Part #
"AGND-OPT0, AGND0, DGND0, PG2, PG3, PG5, PG6",PAD-06,7,,
"BANDCV1, BANDCV2, BANDCV3, BANDCV4, BANDCV5, BANDCV6, ENV1, ENV2, ENV3, ENV4, ENV5, ENV6, FREQCV1, FREQCV6, IN-1, IN-2, LOCK_135, LOCK_246, MORPHCV0, OUT-1, OUT-2, QVALCV0, ROTCV0, ROTRIGUP0, ROTTRIGDOWN0, SCALECV0, SPREADCV0",PJ301M-12-FIX,27,PJ301-M12,
"BANKSCALE-SW0, LAG-SW0, MOD135-SW0, MOD246-SW0, PREPOST-SW0",SPDT-SUB,5,submini-2T,
"C1, C2, C52, C53",C0603,4,10uF/10V,
"C10, C11, C12, C13, C15, C16, C17, C18, C19, C20, C22, C23, C24, C25, C26, C27, C3, C30, C34, C35, C36, C37, C38, C39, C40, C41, C42, C43, C44, C45, C46, C48, C49, C50, C57, C59, C60, C61, C62, C63, C64, C65, C66, C67, C68, C69, C70, C71, C72, C73, C74, C75, C76, C77, C78, C79, C80, C9",C0603,58,0.1uF,
"C14, C28, C29",C0603,3,2.2uF,
"C21, C31, C4, C47, C56, C58, C7, C8",C-POL-5,8,47uF,
"C32, C33, C5, C51, C54, C55, C6",C0603,7,18pF,
"D1, D10, D11, D12, D14, D15, D16, D17, D18, D2, D3, D4, D5, D6, D7, D8, D9",SOT23,17,BAT54S,
"D13, D19",SMA,2,B140-E3,
ENC1,ROTENC-12MM-BUT,1,ROTENC-BUTTON-A,
"FREQNUDGE1, FREQNUDGE6, MORPH0, QVAL0, SPREAD0",POT-9MM-SONGHUEI,5,100k,
"IC1, IC2, IC3, IC4, IC5, IC6, IC8, IC9",TSSOP8,8,TL082,
"IC10, IC7",SOT223,2,LD1117-33,
"L1, L2",0603,2,BEAD,
LED-INCLIP0,LED-T1X2,1,LEDX2A,
"LED1, LED10, LED11, LED12, LED13, LED14, LED15, LED16, LED17, LED18, LED19, LED2, LED20, LED21, LED22, LED23, LED24, LED25, LED26, LED3, LED4, LED5, LED6, LED7, LED8, LED9",PLCC4,26,LED-RGB-CA-HEBEI,
"LOCK1, LOCK2, LOCK3, LOCK4, LOCK5, LOCK6",BUTTON-LED-PB61303,6,WHITE-MOM,
POWER0,HEADER-2X8-SMT-SHROUDED,1,HEADER-2X8-SMT,
"R1, R10, R100, R101, R102, R103, R104, R105, R106, R107, R108, R109, R11, R110, R111, R112, R113, R114, R115, R116, R117, R119, R12, R121, R123, R13, R131, R132, R133, R134, R135, R136, R137, R138, R139, R14, R140, R141, R142, R143, R144, R145, R146, R147, R148, R149, R15, R150, R151, R152, R153, R154, R155, R156, R157, R158, R159, R160, R161, R162, R163, R164, R165, R166, R167, R168, R169, R17, R173, R174, R175, R176, R177, R178, R179, R18, R180, R181, R182, R184, R2, R21, R22, R23, R24, R29, R3, R30, R31, R34, R35, R36, R37, R4, R46, R47, R48, R49, R51, R53, R55, R57, R67, R7, R74, R75, R79, R8, R94, R95, R96, R97, R98, R99",R0603,114,1k,
"R118, R120, R122, R44, R45, R50",R0603,6,330,
"R124, R125",R0603,2,200k?,
"R126, R183, R19, R20, R5, R68, R69, R70, R71, R72, R73, R76",R0603,12,49k,
"R127, R128, R129, R130, R172, R189, R190, R194, R38, R39, R40, R41, R42, R43, R61, R62, R77, R78, R80, R81, R84, R86, R88, R90, R92, R93",R0603,26,100k,
"R16, R25, R65, R66",R0603,4,4k7,
"R185, R186, R26, R32, R33, R52, R54, R56, R58, R59, R6, R60, R63, R64, R9",R0603,15,10k,
"R187, R188",R0603,2,1M,
"R191, R82, R83, R85, R87, R89, R91",R0603,7,68k,
"R27, R28",R0603,2,22,
"S0, S1",BUTTON-TACT-SKQG,2,BUTTON-TACT,
"SLIDE1, SLIDE2, SLIDE3, SLIDE4, SLIDE5, SLIDE6",POT-SLIDER-ALPHA-RA2045F-20,6,100k,
SLOWFAST-SW0,SPDT-SUB,1,submini-3T,
SWD0,HEADER-1X4-TH,1,HEADER-1X4,
U$1,USB-MINIB,1,USB-MINIB-5PIN,
U1,28-SSOP,1,WM8731,
"U2, U3, U4, U5, U6",TSSOP28,5,PCA9685,
U7,LQFP144,1,STM32F427ZG,
V-SEL0,HEADER-1X3-TH,1,HEADER-1X3-TH,
V1,SOT89,1,KA78L05,
VR4,RECOM-DCDC,1,78E-3.3-0.5,
X1,HC-49_US,1,8MHz,
